SAM id,SAM id,Samples IDs,Collection Date,Location3,Location2,Location,Location_FC,Location_FC2,Sample received,MUX ID,"Previous sampled ID for reference
(To GIS: Please replace the IDs in column B with those in column C) ","New sample ID
(To GIS: Please replace the IDs in column B with those in column C)",Qubit ng/uL,Tapestation ng/uL,Sample Name,"Sector ID
(approximate geolocation)",Date of sample collected,Day,Month ,Year,Premise Type,Total Aerobic Plate Count (CFU/g),Coliforms (CFU/g),Collection Round,Tapestation ng/uL.1,Collection Set,Location_cluster,Location_cluster2,cohort
WEM361,WEM361,Tables 1 (MEWR/GIS001),20/12/2018,HC_A,MEWR,MEWR_A,FC_H,H,20/12/2018,MUX10898,MEWR/GIS001,P1/GIS001,18.1,,Table 1,28.0,2018-12-20 00:00:00,20.0,12.0,2018.0,Hawker Centre,Less than 100,Less than 10,1,,1,2.0,2.0,Hawker Centre
WEM362,WEM362,Tables 2 (MEWR/GIS002),20/12/2018,HC_A,MEWR,MEWR_A,FC_H,H,20/12/2018,MUX10898,MEWR/GIS002,P1/GIS002,15.3,,Table 2,28.0,2018-12-20 00:00:00,20.0,12.0,2018.0,Hawker Centre,1800000,Less than 10,1,,1,2.0,2.0,Hawker Centre
WEM363,WEM363,Tables 3 (MEWR/GIS003),20/12/2018,HC_A,MEWR,MEWR_A,FC_H,H,20/12/2018,MUX10898,MEWR/GIS003,P1/GIS003,34.2,,Table 3,28.0,2018-12-20 00:00:00,20.0,12.0,2018.0,Hawker Centre,Less than 100,20,1,,1,2.0,2.0,Hawker Centre
WEM364,WEM364,Tables 4 (MEWR/GIS004),20/12/2018,HC_A,MEWR,MEWR_A,FC_H,H,20/12/2018,MUX10898,MEWR/GIS004,P1/GIS004,8.5,,Table 4,28.0,2018-12-20 00:00:00,20.0,12.0,2018.0,Hawker Centre,1700,Less than 10,1,,1,2.0,2.0,Hawker Centre
WEM365,WEM365,Tables 5 (MEWR/GIS005),20/12/2018,HC_A,MEWR,MEWR_A,FC_H,H,20/12/2018,MUX10898,MEWR/GIS005,P1/GIS005,23.4,,Table 5,28.0,2018-12-20 00:00:00,20.0,12.0,2018.0,Hawker Centre,5000,20,1,,1,2.0,2.0,Hawker Centre
WEM366,WEM366,Tables 6 (MEWR/GIS006),20/12/2018,HC_A,MEWR,MEWR_A,FC_H,H,20/12/2018,MUX10898,MEWR/GIS006,P1/GIS006,37.4,,Table 6,28.0,2018-12-20 00:00:00,20.0,12.0,2018.0,Hawker Centre,29000,30,1,,1,2.0,2.0,Hawker Centre
WEM367,WEM367,Tables 7 (MEWR/GIS007),20/12/2018,HC_A,MEWR,MEWR_A,FC_H,H,20/12/2018,MUX10898,MEWR/GIS007,P1/GIS007,14.2,,Table 7,28.0,2018-12-20 00:00:00,20.0,12.0,2018.0,Hawker Centre,Less than 100,Less than 10,1,,1,2.0,2.0,Hawker Centre
WEM368,WEM368,Tables 8  (MEWR/GIS008),20/12/2018,HC_A,MEWR,MEWR_A,FC_H,H,20/12/2018,MUX10898,MEWR/GIS008,P1/GIS008,8.9,,Table 8,28.0,2018-12-20 00:00:00,20.0,12.0,2018.0,Hawker Centre,4400,Less than 10,1,,1,2.0,2.0,Hawker Centre
WEM369,WEM369,Tables 9  (MEWR/GIS009),20/12/2018,HC_A,MEWR,MEWR_A,FC_H,H,20/12/2018,MUX10898,MEWR/GIS009,P1/GIS009,39.8,,Table 9,28.0,2018-12-20 00:00:00,20.0,12.0,2018.0,Hawker Centre,4900,50,1,,1,2.0,2.0,Hawker Centre
WEM370,WEM370,Tables 10 (MEWR/GIS010),20/12/2018,HC_A,MEWR,MEWR_A,FC_H,H,20/12/2018,MUX10898,MEWR/GIS010,P1/GIS010,21.5,,Table 10,28.0,2018-12-20 00:00:00,20.0,12.0,2018.0,Hawker Centre,14000,10,1,,1,2.0,2.0,Hawker Centre
WEM371,WEM371,Tables 1 (MEWR/GIS011),27/12/2018,HC_B,MEWR,MEWR_B,FC_I,I,29/01/2019,MUX10898,MEWR/GIS011,P1/GIS011,14.5,,Table 1,40.0,2018-12-27 00:00:00,27.0,12.0,2018.0,Hawker Centre,Less than 100,Less than 10,1,,1,4.0,4.0,Hawker Centre
WEM372,WEM372,Tables 3 (MEWR/GIS013),27/12/2018,HC_B,MEWR,MEWR_B,FC_I,I,29/01/2019,MUX10898,MEWR/GIS013,P1/GIS013,12.9,,Table 3,40.0,2018-12-27 00:00:00,27.0,12.0,2018.0,Hawker Centre,800,80,1,,1,4.0,4.0,Hawker Centre
WEM373,WEM373,Tables 4 (MEWR/GIS014),27/12/2018,HC_B,MEWR,MEWR_B,FC_I,I,29/01/2019,MUX10898,MEWR/GIS014,P1/GIS014,13.6,,Table 4,40.0,2018-12-27 00:00:00,27.0,12.0,2018.0,Hawker Centre,100,10,1,,1,4.0,4.0,Hawker Centre
WEM374,WEM374,Tables 5 (MEWR/GIS015),27/12/2018,HC_B,MEWR,MEWR_B,FC_I,I,29/01/2019,MUX10898,MEWR/GIS015,P1/GIS015,29.5,,Table 5,40.0,2018-12-27 00:00:00,27.0,12.0,2018.0,Hawker Centre,4000,Less than 10,1,,1,4.0,4.0,Hawker Centre
WEM375,WEM375,Tables 6 (MEWR/GIS016),27/12/2018,HC_B,MEWR,MEWR_B,FC_I,I,29/01/2019,MUX10898,MEWR/GIS016,P1/GIS016,6.2,,Table 6,40.0,2018-12-27 00:00:00,27.0,12.0,2018.0,Hawker Centre,3000,Less than 10,1,,1,4.0,4.0,Hawker Centre
WEM376,WEM376,Tables 7 (MEWR/GIS017),27/12/2018,HC_B,MEWR,MEWR_B,FC_I,I,29/01/2019,MUX10898,MEWR/GIS017,P1/GIS017,20.3,,Table 7,40.0,2018-12-27 00:00:00,27.0,12.0,2018.0,Hawker Centre,Less than 100,Less than 10,1,,1,4.0,4.0,Hawker Centre
WEM377,WEM377,Tables 8 (MEWR/GIS018),27/12/2018,HC_B,MEWR,MEWR_B,FC_I,I,29/01/2019,MUX10898,MEWR/GIS018,P1/GIS018,22.1,,Table 8,40.0,2018-12-27 00:00:00,27.0,12.0,2018.0,Hawker Centre,3600,220,1,,1,4.0,4.0,Hawker Centre
WEM378,WEM378,Tables 9 (MEWR/GIS019),27/12/2018,HC_B,MEWR,MEWR_B,FC_I,I,29/01/2019,MUX10898,MEWR/GIS019,P1/GIS019,8.6,,Table 9,40.0,2018-12-27 00:00:00,27.0,12.0,2018.0,Hawker Centre,200,70,1,,1,4.0,4.0,Hawker Centre
WEM379,WEM379,Tables 10 (MEWR/GIS020),27/12/2018,HC_B,MEWR,MEWR_B,FC_I,I,29/01/2019,MUX10898,MEWR/GIS020,P1/GIS020,7.8,,Table 10,40.0,2018-12-27 00:00:00,27.0,12.0,2018.0,Hawker Centre,8400,160,1,,1,4.0,4.0,Hawker Centre
WEM380,WEM380,Tables 1 (MEWR/GIS021),24/1/2019,HC_C,MEWR,MEWR_C,FC_J,J,29/01/2019,MUX10898,MEWR/GIS021,P1/GIS021,23.8,,Table 1,61.0,2019-01-24 00:00:00,24.0,1.0,2019.0,Hawker Centre,200,Less than 10,1,,1,3.0,3.0,Hawker Centre
WEM381,WEM381,Tables 2 (MEWR/GIS022),24/1/2019,HC_C,MEWR,MEWR_C,FC_J,J,29/01/2019,MUX10898,MEWR/GIS022,P1/GIS022,16.7,,Table 2,61.0,2019-01-24 00:00:00,24.0,1.0,2019.0,Hawker Centre,2200,Less than 10,1,,1,3.0,3.0,Hawker Centre
WEM382,WEM382,Tables 3 (MEWR/GIS023),24/1/2019,HC_C,MEWR,MEWR_C,FC_J,J,29/01/2019,MUX10898,MEWR/GIS023,P1/GIS023,8.7,,Table 3,61.0,2019-01-24 00:00:00,24.0,1.0,2019.0,Hawker Centre,15000,40,1,,1,3.0,3.0,Hawker Centre
WEM383,WEM383,Tables 5 (MEWR/GIS025),24/1/2019,HC_C,MEWR,MEWR_C,FC_J,J,29/01/2019,MUX10898,MEWR/GIS025,P1/GIS025,10.8,,Table 5,61.0,2019-01-24 00:00:00,24.0,1.0,2019.0,Hawker Centre,800,90,1,,1,3.0,3.0,Hawker Centre
WEM384,WEM384,Tables 6 (MEWR/GIS026),24/1/2019,HC_C,MEWR,MEWR_C,FC_J,J,29/01/2019,MUX10898,MEWR/GIS026,P1/GIS026,11.3,,Table 6,61.0,2019-01-24 00:00:00,24.0,1.0,2019.0,Hawker Centre,4700,Less than 10,1,,1,3.0,3.0,Hawker Centre
WEM385,WEM385,Tables 7 (MEWR/GIS027),24/1/2019,HC_C,MEWR,MEWR_C,FC_J,J,29/01/2019,MUX10898,MEWR/GIS027,P1/GIS027,20.0,,Table 7,61.0,2019-01-24 00:00:00,24.0,1.0,2019.0,Hawker Centre,Less than 100,Less than 10,1,,1,3.0,3.0,Hawker Centre
WEM386,WEM386,Tables 8 (MEWR/GIS028),24/1/2019,HC_C,MEWR,MEWR_C,FC_J,J,29/01/2019,MUX10898,MEWR/GIS028,P1/GIS028,3.6,,Table 8,61.0,2019-01-24 00:00:00,24.0,1.0,2019.0,Hawker Centre,200000,More than 1 500,1,,1,3.0,3.0,Hawker Centre
WEM387,WEM387,Tables 9 (MEWR/GIS029),24/1/2019,HC_C,MEWR,MEWR_C,FC_J,J,29/01/2019,MUX10898,MEWR/GIS029,P1/GIS029,16.8,,Table 9,61.0,2019-01-24 00:00:00,24.0,1.0,2019.0,Hawker Centre,Less than 100,Less than 10,1,,1,3.0,3.0,Hawker Centre
WEM388,WEM388,Tables 10 (MEWR/GIS030),24/1/2019,HC_C,MEWR,MEWR_C,FC_J,J,29/01/2019,MUX10898,MEWR/GIS030,P1/GIS030,24.2,,Table 10,61.0,2019-01-24 00:00:00,24.0,1.0,2019.0,Hawker Centre,150000,More than 1 500,1,,1,3.0,3.0,Hawker Centre
WEM389,WEM389,Tables 2 (MEWR/GIS032),29/1/2019,HC_D,MEWR,MEWR_D,FC_K,K,29/01/2019,MUX10898,MEWR/GIS032,P1/GIS032,21.5,,Table 2,42.0,2019-01-29 00:00:00,29.0,1.0,2019.0,Hawker Centre,830000,More than 1 500,1,,1,4.0,4.0,Hawker Centre
WEM390,WEM390,Tables 3 (MEWR/GIS033),29/1/2019,HC_D,MEWR,MEWR_D,FC_K,K,29/01/2019,MUX10898,MEWR/GIS033,P1/GIS033,15.9,,Table 3,42.0,2019-01-29 00:00:00,29.0,1.0,2019.0,Hawker Centre,89000,20,1,,1,4.0,4.0,Hawker Centre
WEM391,WEM391,Tables 4 (MEWR/GIS034),29/1/2019,HC_D,MEWR,MEWR_D,FC_K,K,29/01/2019,MUX10898,MEWR/GIS034,P1/GIS034,22.9,,Table 4,42.0,2019-01-29 00:00:00,29.0,1.0,2019.0,Hawker Centre,320000,50,1,,1,4.0,4.0,Hawker Centre
WEM392,WEM392,Tables 5 (MEWR/GIS035),29/1/2019,HC_D,MEWR,MEWR_D,FC_K,K,29/01/2019,MUX10898,MEWR/GIS035,P1/GIS035,16.1,,Table 5,42.0,2019-01-29 00:00:00,29.0,1.0,2019.0,Hawker Centre,570000,380,1,,1,4.0,4.0,Hawker Centre
WEM393,WEM393,Tables 6 (MEWR/GIS036),29/1/2019,HC_D,MEWR,MEWR_D,FC_K,K,29/01/2019,MUX10898,MEWR/GIS036,P1/GIS036,26.9,,Table 6,42.0,2019-01-29 00:00:00,29.0,1.0,2019.0,Hawker Centre,10000,1400,1,,1,4.0,4.0,Hawker Centre
WEM394,WEM394,Tables 7 (MEWR/GIS037),29/1/2019,HC_D,MEWR,MEWR_D,FC_K,K,29/01/2019,MUX10898,MEWR/GIS037,P1/GIS037,11.1,,Table 7,42.0,2019-01-29 00:00:00,29.0,1.0,2019.0,Hawker Centre,580000,920,1,,1,4.0,4.0,Hawker Centre
WEM395,WEM395,Tables 8 (MEWR/GIS038),29/1/2019,HC_D,MEWR,MEWR_D,FC_K,K,29/01/2019,MUX10898,MEWR/GIS038,P1/GIS038,18.5,,Table 8,42.0,2019-01-29 00:00:00,29.0,1.0,2019.0,Hawker Centre,6400,600,1,,1,4.0,4.0,Hawker Centre
WEM396,WEM396,Tables 9 (MEWR/GIS039),29/1/2019,HC_D,MEWR,MEWR_D,FC_K,K,29/01/2019,MUX10898,MEWR/GIS039,P1/GIS039,14.0,,Table 9,42.0,2019-01-29 00:00:00,29.0,1.0,2019.0,Hawker Centre,630000,More than 1 500,1,,1,4.0,4.0,Hawker Centre
WEM397,WEM397,Tables 10 (MEWR/GIS040),29/1/2019,HC_D,MEWR,MEWR_D,FC_K,K,29/01/2019,MUX10898,MEWR/GIS040,P1/GIS040,24.6,,Table 10,42.0,2019-01-29 00:00:00,29.0,1.0,2019.0,Hawker Centre,440000,More than 1 500,1,,1,4.0,4.0,Hawker Centre
WEM398,WEM398,Tables 1 (MEWR/GIS041),30/1/2019,HC_E,MEWR,MEWR_E,FC_L,L,30/01/2019,MUX10898,MEWR/GIS041,P1/GIS041,14.2,,Table 1,22.0,2019-01-30 00:00:00,30.0,1.0,2019.0,Hawker Centre,18000,240,1,,1,1.0,2.0,Hawker Centre
WEM399,WEM399,Tables 2 (MEWR/GIS042),30/1/2019,HC_E,MEWR,MEWR_E,FC_L,L,30/01/2019,MUX10898,MEWR/GIS042,P1/GIS042,28.4,,Table 2,22.0,2019-01-30 00:00:00,30.0,1.0,2019.0,Hawker Centre,31000,320,1,,1,1.0,2.0,Hawker Centre
WEM400,WEM400,Tables 3 (MEWR/GIS043),30/1/2019,HC_E,MEWR,MEWR_E,FC_L,L,30/01/2019,MUX10898,MEWR/GIS043,P1/GIS043,18.5,,Table 3,22.0,2019-01-30 00:00:00,30.0,1.0,2019.0,Hawker Centre,120000,Less than 10,1,,1,1.0,2.0,Hawker Centre
WEM401,WEM401,Tables 4 (MEWR/GIS044),30/1/2019,HC_E,MEWR,MEWR_E,FC_L,L,30/01/2019,MUX10898,MEWR/GIS044,P1/GIS044,17.6,,Table 4,22.0,2019-01-30 00:00:00,30.0,1.0,2019.0,Hawker Centre,260000,380,1,,1,1.0,2.0,Hawker Centre
WEM402,WEM402,Tables 5 (MEWR/GIS045),30/1/2019,HC_E,MEWR,MEWR_E,FC_L,L,30/01/2019,MUX10898,MEWR/GIS045,P1/GIS045,4.1,,Table 5,22.0,2019-01-30 00:00:00,30.0,1.0,2019.0,Hawker Centre,88000,40,1,,1,1.0,2.0,Hawker Centre
WEM403,WEM403,Tables 6 (MEWR/GIS046),30/1/2019,HC_E,MEWR,MEWR_E,FC_L,L,30/01/2019,MUX10898,MEWR/GIS046,P1/GIS046,17.5,,Table 6,22.0,2019-01-30 00:00:00,30.0,1.0,2019.0,Hawker Centre,98000,20,1,,1,1.0,2.0,Hawker Centre
WEM404,WEM404,Tables 7 (MEWR/GIS047),30/1/2019,HC_E,MEWR,MEWR_E,FC_L,L,30/01/2019,MUX10898,MEWR/GIS047,P1/GIS047,20.5,,Table 7,22.0,2019-01-30 00:00:00,30.0,1.0,2019.0,Hawker Centre,37000,1300,1,,1,1.0,2.0,Hawker Centre
WEM405,WEM405,Tables 8 (MEWR/GIS048),30/1/2019,HC_E,MEWR,MEWR_E,FC_L,L,30/01/2019,MUX10898,MEWR/GIS048,P1/GIS048,16.1,,Table 8,22.0,2019-01-30 00:00:00,30.0,1.0,2019.0,Hawker Centre,1000000,130,1,,1,1.0,2.0,Hawker Centre
WEM406,WEM406,Tables 9 (MEWR/GIS049),30/1/2019,HC_E,MEWR,MEWR_E,FC_L,L,30/01/2019,MUX10898,MEWR/GIS049,P1/GIS049,14.2,,Table 9,22.0,2019-01-30 00:00:00,30.0,1.0,2019.0,Hawker Centre,1700,30,1,,1,1.0,2.0,Hawker Centre
WEM407,WEM407,Tables 10 (MEWR/GIS050),30/1/2019,HC_E,MEWR,MEWR_E,FC_L,L,30/01/2019,MUX10898,MEWR/GIS050,P1/GIS050,27.7,,Table 10,22.0,2019-01-30 00:00:00,30.0,1.0,2019.0,Hawker Centre,14000,10,1,,1,1.0,2.0,Hawker Centre
WEM408,WEM408,Tables 1 (MEWR/GIS051),19/2/2019,HC_F,MEWR,MEWR_F,FC_M,M,19/2/2019,MUX10898,MEWR/GIS051,P1/GIS051,27.0,,Table 1,6.0,2019-02-19 00:00:00,19.0,1.0,2019.0,Hawker Centre,1200,Less than 10,1,,1,1.0,1.0,Hawker Centre
WEM409,WEM409,Tables 2 (MEWR/GIS052),19/2/2019,HC_F,MEWR,MEWR_F,FC_M,M,19/2/2019,MUX10898,MEWR/GIS052,P1/GIS052,14.4,,Table 2,6.0,2019-02-19 00:00:00,19.0,1.0,2019.0,Hawker Centre,Less than 100,Less than 10,1,,1,1.0,1.0,Hawker Centre
WEM411,WEM411,Tables 3 (MEWR/GIS053),19/2/2019,HC_F,MEWR,MEWR_F,FC_M,M,19/2/2019,MUX10899,MEWR/GIS053,P1/GIS053,13.2,,Table 3,6.0,2019-02-19 00:00:00,19.0,1.0,2019.0,Hawker Centre,13000,530,1,,1,1.0,1.0,Hawker Centre
WEM412,WEM412,Tables 4 (MEWR/GIS054),19/2/2019,HC_F,MEWR,MEWR_F,FC_M,M,19/2/2019,MUX10899,MEWR/GIS054,P1/GIS054,4.8,,Table 4,6.0,2019-02-19 00:00:00,19.0,1.0,2019.0,Hawker Centre,3300,140,1,,1,1.0,1.0,Hawker Centre
WEM413,WEM413,Tables 5 (MEWR/GIS055),19/2/2019,HC_F,MEWR,MEWR_F,FC_M,M,19/2/2019,MUX10899,MEWR/GIS055,P1/GIS055,16.0,,Table 5,6.0,2019-02-19 00:00:00,19.0,1.0,2019.0,Hawker Centre,18000,540,1,,1,1.0,1.0,Hawker Centre
WEM414,WEM414,Tables 6 (MEWR/GIS056),19/2/2019,HC_F,MEWR,MEWR_F,FC_M,M,19/2/2019,MUX10899,MEWR/GIS056,P1/GIS056,11.5,,Table 6,6.0,2019-02-19 00:00:00,19.0,1.0,2019.0,Hawker Centre,34000,140,1,,1,1.0,1.0,Hawker Centre
WEM415,WEM415,Tables 7 (MEWR/GIS057),19/2/2019,HC_F,MEWR,MEWR_F,FC_M,M,19/2/2019,MUX10899,MEWR/GIS057,P1/GIS057,11.8,,Table 7,6.0,2019-02-19 00:00:00,19.0,1.0,2019.0,Hawker Centre,4400,60,1,,1,1.0,1.0,Hawker Centre
WEM416,WEM416,Tables 8 (MEWR/GIS058),19/2/2019,HC_F,MEWR,MEWR_F,FC_M,M,19/2/2019,MUX10899,MEWR/GIS058,P1/GIS058,20.5,,Table 8,6.0,2019-02-19 00:00:00,19.0,1.0,2019.0,Hawker Centre,22000,30,1,,1,1.0,1.0,Hawker Centre
WEM417,WEM417,Tables 9 (MEWR/GIS059),19/2/2019,HC_F,MEWR,MEWR_F,FC_M,M,19/2/2019,MUX10899,MEWR/GIS059,P1/GIS059,18.1,,Table 9,6.0,2019-02-19 00:00:00,19.0,1.0,2019.0,Hawker Centre,2100,140,1,,1,1.0,1.0,Hawker Centre
WEM418,WEM418,Tables 10 (MEWR/GIS060),19/2/2019,HC_F,MEWR,MEWR_F,FC_M,M,19/2/2019,MUX10899,MEWR/GIS060,P1/GIS060,20.0,,Table 10,6.0,2019-02-19 00:00:00,19.0,1.0,2019.0,Hawker Centre,350000,230,1,,1,1.0,1.0,Hawker Centre
WEM419,WEM419,Tables 1 (MEWR/GIS061),2019-02-21 00:00:00,HC_G,MEWR,MEWR_G,FC_N,N,28/2/2019,MUX10899,MEWR/GIS061,P1/GIS061,16.2,,Table 1,55.0,2019-02-21 00:00:00,21.0,1.0,2019.0,Hawker Centre,2700,280,1,,1,5.0,5.0,Hawker Centre
WEM420,WEM420,Tables 2 (MEWR/GIS062),2019-02-21 00:00:00,HC_G,MEWR,MEWR_G,FC_N,N,28/2/2019,MUX10899,MEWR/GIS062,P1/GIS062,18.8,,Table 2,55.0,2019-02-21 00:00:00,21.0,1.0,2019.0,Hawker Centre,3800,360,1,,1,5.0,5.0,Hawker Centre
WEM421,WEM421,Tables 3 (MEWR/GIS063),2019-02-21 00:00:00,HC_G,MEWR,MEWR_G,FC_N,N,28/2/2019,MUX10899,MEWR/GIS063,P1/GIS063,27.4,,Table 3,55.0,2019-02-21 00:00:00,21.0,1.0,2019.0,Hawker Centre,1800,220,1,,1,5.0,5.0,Hawker Centre
WEM422,WEM422,Tables 4 (MEWR/GIS064),2019-02-21 00:00:00,HC_G,MEWR,MEWR_G,FC_N,N,28/2/2019,MUX10899,MEWR/GIS064,P1/GIS064,13.4,,Table 4,55.0,2019-02-21 00:00:00,21.0,1.0,2019.0,Hawker Centre,1800,90,1,,1,5.0,5.0,Hawker Centre
WEM423,WEM423,Tables 5 (MEWR/GIS065),2019-02-21 00:00:00,HC_G,MEWR,MEWR_G,FC_N,N,28/2/2019,MUX10899,MEWR/GIS065,P1/GIS065,5.6,,Table 5,55.0,2019-02-21 00:00:00,21.0,1.0,2019.0,Hawker Centre,9400,170,1,,1,5.0,5.0,Hawker Centre
WEM424,WEM424,Tables 6 (MEWR/GIS066),2019-02-21 00:00:00,HC_G,MEWR,MEWR_G,FC_N,N,28/2/2019,MUX10899,MEWR/GIS066,P1/GIS066,9.1,,Table 6,55.0,2019-02-21 00:00:00,21.0,1.0,2019.0,Hawker Centre,200,70,1,,1,5.0,5.0,Hawker Centre
WEM425,WEM425,Tables 7 (MEWR/GIS067),2019-02-21 00:00:00,HC_G,MEWR,MEWR_G,FC_N,N,28/2/2019,MUX10899,MEWR/GIS067,P1/GIS067,14.9,,Table 7,55.0,2019-02-21 00:00:00,21.0,1.0,2019.0,Hawker Centre,7400,840,1,,1,5.0,5.0,Hawker Centre
WEM426,WEM426,Tables 8 (MEWR/GIS068),2019-02-21 00:00:00,HC_G,MEWR,MEWR_G,FC_N,N,28/2/2019,MUX10899,MEWR/GIS068,P1/GIS068,17.5,,Table 8,55.0,2019-02-21 00:00:00,21.0,1.0,2019.0,Hawker Centre,4900,360,1,,1,5.0,5.0,Hawker Centre
WEM427,WEM427,Tables 9 (MEWR/GIS069),2019-02-21 00:00:00,HC_G,MEWR,MEWR_G,FC_N,N,28/2/2019,MUX10899,MEWR/GIS069,P1/GIS069,19.4,,Table 9,55.0,2019-02-21 00:00:00,21.0,1.0,2019.0,Hawker Centre,400,220,1,,1,5.0,5.0,Hawker Centre
WEM428,WEM428,Tables 10 (MEWR/GIS070,2019-02-21 00:00:00,HC_G,MEWR,MEWR_G,FC_N,N,28/2/2019,MUX10899,MEWR/GIS070,P1/GIS070,13.8,,Table 10,55.0,2019-02-21 00:00:00,21.0,1.0,2019.0,Hawker Centre,72000,200,1,,1,5.0,5.0,Hawker Centre
WEM429,WEM429,Tables 1 (MEWR/GIS071),2019-06-06 00:00:00,HC_H,MEWR,MEWR_H,FC_O,O,,MUX10899,MEWR/GIS071,P1/GIS071,28.3,,Table 1,14.0,2019-06-06 00:00:00,6.0,1.0,2019.0,Hawker Centre,200,Less than 10,1,,1,2.0,2.0,Hawker Centre
WEM430,WEM430,Tables 2 (MEWR/GIS072),2019-06-06 00:00:00,HC_H,MEWR,MEWR_H,FC_O,O,,MUX10899,MEWR/GIS072,P1/GIS072,6.2,,Table 2,14.0,2019-06-06 00:00:00,6.0,1.0,2019.0,Hawker Centre,26000,50,1,,1,2.0,2.0,Hawker Centre
WEM431,WEM431,Tables 3 (MEWR/GIS073),2019-06-06 00:00:00,HC_H,MEWR,MEWR_H,FC_O,O,,MUX10899,MEWR/GIS073,P1/GIS073,20.3,,Table 3,14.0,2019-06-06 00:00:00,6.0,1.0,2019.0,Hawker Centre,6100,Less than 10,1,,1,2.0,2.0,Hawker Centre
WEM432,WEM432,Tables 4 (MEWR/GIS074),2019-06-06 00:00:00,HC_H,MEWR,MEWR_H,FC_O,O,,MUX10899,MEWR/GIS074,P1/GIS074,11.2,,Table 4,14.0,2019-06-06 00:00:00,6.0,1.0,2019.0,Hawker Centre,9700,400,1,,1,2.0,2.0,Hawker Centre
WEM433,WEM433,Tables 6 (MEWR/GIS076),2019-06-06 00:00:00,HC_H,MEWR,MEWR_H,FC_O,O,,MUX10899,MEWR/GIS076,P1/GIS076,28.8,,Table 6,14.0,2019-06-06 00:00:00,6.0,1.0,2019.0,Hawker Centre,700,Less than 10,1,,1,2.0,2.0,Hawker Centre
WEM434,WEM434,Tables 7 (MEWR/GIS077),2019-06-06 00:00:00,HC_H,MEWR,MEWR_H,FC_O,O,,MUX10899,MEWR/GIS077,P1/GIS077,16.4,,Table 7,14.0,2019-06-06 00:00:00,6.0,1.0,2019.0,Hawker Centre,200,Less than 10,1,,1,2.0,2.0,Hawker Centre
WEM435,WEM435,Tables 8 (MEWR/GIS078),2019-06-06 00:00:00,HC_H,MEWR,MEWR_H,FC_O,O,,MUX10899,MEWR/GIS078,P1/GIS078,18.6,,Table 8,14.0,2019-06-06 00:00:00,6.0,1.0,2019.0,Hawker Centre,6400,90,1,,1,2.0,2.0,Hawker Centre
WEM436,WEM436,Tables 9 (MEWR/GIS079),2019-06-06 00:00:00,HC_H,MEWR,MEWR_H,FC_O,O,,MUX10899,MEWR/GIS079,P1/GIS079,25.0,,Table 9,14.0,2019-06-06 00:00:00,6.0,1.0,2019.0,Hawker Centre,7000,80,1,,1,2.0,2.0,Hawker Centre
WEM437,WEM437,Tables 2 (MEWR/GIS082),2019-06-11 00:00:00,HC_I,MEWR,MEWR_I,FC_P,P,,MUX10899,MEWR/GIS082,P1/GIS082,26.2,,Table 2,6.0,2019-06-11 00:00:00,11.0,1.0,2019.0,Hawker Centre,800000,600,1,,1,1.0,1.0,Hawker Centre
WEM438,WEM438,Tables 3 (MEWR/GIS083),2019-06-11 00:00:00,HC_I,MEWR,MEWR_I,FC_P,P,,MUX10899,MEWR/GIS083,P1/GIS083,10.3,,Table 3,6.0,2019-06-11 00:00:00,11.0,1.0,2019.0,Hawker Centre,2200000,760,1,,1,1.0,1.0,Hawker Centre
WEM439,WEM439,Tables 5 (MEWR/GIS085),2019-06-11 00:00:00,HC_I,MEWR,MEWR_I,FC_P,P,,MUX10899,MEWR/GIS085,P1/GIS085,21.3,,Table 5,6.0,2019-06-11 00:00:00,11.0,1.0,2019.0,Hawker Centre,68000,760,1,,1,1.0,1.0,Hawker Centre
WEM440,WEM440,Tables 6 (MEWR/GIS086),2019-06-11 00:00:00,HC_I,MEWR,MEWR_I,FC_P,P,,MUX10899,MEWR/GIS086,P1/GIS086,8.1,,Table 6,6.0,2019-06-11 00:00:00,11.0,1.0,2019.0,Hawker Centre,4000,Less than 10,1,,1,1.0,1.0,Hawker Centre
WEM441,WEM441,Tables 8 (MEWR/GIS088),2019-06-11 00:00:00,HC_I,MEWR,MEWR_I,FC_P,P,,MUX10899,MEWR/GIS088,P1/GIS088,25.1,,Table 8,6.0,2019-06-11 00:00:00,11.0,1.0,2019.0,Hawker Centre,5600,Less than 10,1,,1,1.0,1.0,Hawker Centre
WEM442,WEM442,Tables 9 (MEWR/GIS089),2019-06-11 00:00:00,HC_I,MEWR,MEWR_I,FC_P,P,,MUX10899,MEWR/GIS089,P1/GIS089,11.7,,Table 9,6.0,2019-06-11 00:00:00,11.0,1.0,2019.0,Hawker Centre,24000,Less than 10,1,,1,1.0,1.0,Hawker Centre
WEM443,WEM443,Tables 10 (MEWR/GIS090),2019-06-11 00:00:00,HC_I,MEWR,MEWR_I,FC_P,P,,MUX10899,MEWR/GIS090,P1/GIS090,5.0,,Table 10,6.0,2019-06-11 00:00:00,11.0,1.0,2019.0,Hawker Centre,3200,Less than 10,1,,1,1.0,1.0,Hawker Centre
WEM444,WEM444,Tables 2 (HDB/GIS002),2019-03-01 00:00:00,CS_A,HDB,HDB_A,FC_A,A,29/01/2019,MUX10899,HDB/GIS002,P1/GIS092,15.0,,Table 2,60.0,2019-01-03 00:00:00,3.0,1.0,2019.0,Hawker Centre,290000,210,1,,1,3.0,3.0,Hawker Centre
WEM445,WEM445,Tables 3 (HDB/GIS003),2019-03-01 00:00:00,CS_A,HDB,HDB_A,FC_A,A,29/01/2019,MUX10899,HDB/GIS003,P1/GIS093,24.9,,Table 3,60.0,2019-01-03 00:00:00,3.0,1.0,2019.0,Hawker Centre,900,20,1,,1,3.0,3.0,Hawker Centre
WEM446,WEM446,Tables 4 (HDB/GIS004),2019-03-01 00:00:00,CS_A,HDB,HDB_A,FC_A,A,29/01/2019,MUX10899,HDB/GIS004,P1/GIS094,28.7,,Table 4,60.0,2019-01-03 00:00:00,3.0,1.0,2019.0,Hawker Centre,13000000,70,1,,1,3.0,3.0,Hawker Centre
WEM447,WEM447,Tables 5 (HDB/GIS005),2019-03-01 00:00:00,CS_A,HDB,HDB_A,FC_A,A,29/01/2019,MUX10899,HDB/GIS005,P1/GIS095,23.4,,Table 5,60.0,2019-01-03 00:00:00,3.0,1.0,2019.0,Hawker Centre,1600,Less than 10,1,,1,3.0,3.0,Hawker Centre
WEM448,WEM448,Tables 7 ((HDB/GIS007),2019-03-01 00:00:00,CS_A,HDB,HDB_A,FC_A,A,29/01/2019,MUX10899,HDB/GIS007,P1/GIS097,12.2,,Table 7,60.0,2019-01-03 00:00:00,3.0,1.0,2019.0,Hawker Centre,1600000,More than 1 500,1,,1,3.0,3.0,Hawker Centre
WEM449,WEM449,Tables 8 (HDB/GIS008),2019-03-01 00:00:00,CS_A,HDB,HDB_A,FC_A,A,29/01/2019,MUX10899,HDB/GIS008,P1/GIS098,14.4,,Table 8,60.0,2019-01-03 00:00:00,3.0,1.0,2019.0,Hawker Centre,59000,120,1,,1,3.0,3.0,Hawker Centre
WEM450,WEM450,Tables 10 (HDB/GIS010),2019-03-01 00:00:00,CS_A,HDB,HDB_A,FC_A,A,29/01/2019,MUX10899,HDB/GIS010,P1/GIS100,15.7,,Table 10,60.0,2019-01-03 00:00:00,3.0,1.0,2019.0,Hawker Centre,100000,More than 1 500,1,,1,3.0,3.0,Hawker Centre
WEM451,WEM451,Tables 3 (HDB/GIS013),16/1/2019,CS_B,HDB,HDB_B,FC_B,B,29/01/2019,MUX10899,HDB/GIS013,P1/GIS103,22.4,,Table 3,56.0,2019-01-16 00:00:00,16.0,1.0,2019.0,Hawker Centre,940000,More than 1 500,1,,1,5.0,5.0,Hawker Centre
WEM452,WEM452,Tables 4 (HDB/GIS014),16/1/2019,CS_B,HDB,HDB_B,FC_B,B,29/01/2019,MUX10899,HDB/GIS014,P1/GIS104,22.4,,Table 4,56.0,2019-01-16 00:00:00,16.0,1.0,2019.0,Hawker Centre,6400,110,1,,1,5.0,5.0,Hawker Centre
WEM453,WEM453,Tables 5 (HDB/GIS015),16/1/2019,CS_B,HDB,HDB_B,FC_B,B,29/01/2019,MUX10899,HDB/GIS015,P1/GIS105,24.5,,Table 5,56.0,2019-01-16 00:00:00,16.0,1.0,2019.0,Hawker Centre,4300,50,1,,1,5.0,5.0,Hawker Centre
WEM454,WEM454,Tables 6 (HDB/GIS016),16/1/2019,CS_B,HDB,HDB_B,FC_B,B,29/01/2019,MUX10899,HDB/GIS016,P1/GIS106,20.7,,Table 6,56.0,2019-01-16 00:00:00,16.0,1.0,2019.0,Hawker Centre,3700,60,1,,1,5.0,5.0,Hawker Centre
WEM455,WEM455,Tables 7 (HDB/GIS017),16/1/2019,CS_B,HDB,HDB_B,FC_B,B,29/01/2019,MUX10899,HDB/GIS017,P1/GIS107,22.6,,Table 7,56.0,2019-01-16 00:00:00,16.0,1.0,2019.0,Hawker Centre,140000,1400,1,,1,5.0,5.0,Hawker Centre
WEM456,WEM456,Tables 8 (HDB/GIS018),16/1/2019,CS_B,HDB,HDB_B,FC_B,B,29/01/2019,MUX10899,HDB/GIS018,P1/GIS108,15.7,,Table 8,56.0,2019-01-16 00:00:00,16.0,1.0,2019.0,Hawker Centre,1300,480,1,,1,5.0,5.0,Hawker Centre
WEM457,WEM457,Tables 9 (HDB/GIS019),16/1/2019,CS_B,HDB,HDB_B,FC_B,B,29/01/2019,MUX10899,HDB/GIS019,P1/GIS109,16.4,,Table 9,56.0,2019-01-16 00:00:00,16.0,1.0,2019.0,Hawker Centre,13000,10,1,,1,5.0,5.0,Hawker Centre
WEM458,WEM458,Tables 10 (HDB/GIS020),16/1/2019,CS_B,HDB,HDB_B,FC_B,B,29/01/2019,MUX10899,HDB/GIS020,P1/GIS110,15.4,,Table 10,56.0,2019-01-16 00:00:00,16.0,1.0,2019.0,Hawker Centre,57000,440,1,,1,5.0,5.0,Hawker Centre
WEM459,WEM459,Tables 1 (HDB/GIS021),31/1/2019,CS_C,HDB,HDB_C,FC_C,C,2019-12-02 00:00:00,MUX10899,HDB/GIS021,P1/GIS111,27.8,,Table 1,38.0,2019-01-31 00:00:00,31.0,1.0,2019.0,Hawker Centre,110000,More than 1 500,1,,1,4.0,4.0,Hawker Centre
WEM460,WEM460,Tables 2 (HDB/GIS022),31/1/2019,CS_C,HDB,HDB_C,FC_C,C,2019-12-02 00:00:00,MUX10899,HDB/GIS022,P1/GIS112,10.0,,Table 2,38.0,2019-01-31 00:00:00,31.0,1.0,2019.0,Hawker Centre,76000,More than 1 500,1,,1,4.0,4.0,Hawker Centre
WEM461,WEM461,Tables 3 (HDB/GIS023),31/1/2019,CS_C,HDB,HDB_C,FC_C,C,2019-12-02 00:00:00,MUX10900,HDB/GIS023,P1/GIS113,26.9,,Table 3,38.0,2019-01-31 00:00:00,31.0,1.0,2019.0,Hawker Centre,1300,90,1,,1,4.0,4.0,Hawker Centre
WEM462,WEM462,Tables 4 (HDB/GIS024),31/1/2019,CS_C,HDB,HDB_C,FC_C,C,2019-12-02 00:00:00,MUX10900,HDB/GIS024,P1/GIS114,13.5,,Table 4,38.0,2019-01-31 00:00:00,31.0,1.0,2019.0,Hawker Centre,33000,310,1,,1,4.0,4.0,Hawker Centre
WEM463,WEM463,Tables 5 (HDB/GIS025),31/1/2019,CS_C,HDB,HDB_C,FC_C,C,2019-12-02 00:00:00,MUX10900,HDB/GIS025,P1/GIS115,21.0,,Table 5,38.0,2019-01-31 00:00:00,31.0,1.0,2019.0,Hawker Centre,300,Less than 10,1,,1,4.0,4.0,Hawker Centre
WEM464,WEM464,Tables 6 (HDB/GIS026),31/1/2019,CS_C,HDB,HDB_C,FC_C,C,2019-12-02 00:00:00,MUX10900,HDB/GIS026,P1/GIS116,12.9,,Table 6,38.0,2019-01-31 00:00:00,31.0,1.0,2019.0,Hawker Centre,820000,More than 1 500,1,,1,4.0,4.0,Hawker Centre
WEM465,WEM465,Tables 7 (HDB/GIS027),31/1/2019,CS_C,HDB,HDB_C,FC_C,C,2019-12-02 00:00:00,MUX10900,HDB/GIS027,P1/GIS117,30.6,,Table 7,38.0,2019-01-31 00:00:00,31.0,1.0,2019.0,Hawker Centre,4900,60,1,,1,4.0,4.0,Hawker Centre
WEM466,WEM466,Tables 8 (HDB/GIS028),31/1/2019,CS_C,HDB,HDB_C,FC_C,C,2019-12-02 00:00:00,MUX10900,HDB/GIS028,P1/GIS118,13.2,,Table 8,38.0,2019-01-31 00:00:00,31.0,1.0,2019.0,Hawker Centre,2400,160,1,,1,4.0,4.0,Hawker Centre
WEM467,WEM467,Tables 9 (HDB/GIS029),31/1/2019,CS_C,HDB,HDB_C,FC_C,C,2019-12-02 00:00:00,MUX10900,HDB/GIS029,P1/GIS119,21.1,,Table 9,38.0,2019-01-31 00:00:00,31.0,1.0,2019.0,Hawker Centre,9600,560,1,,1,4.0,4.0,Hawker Centre
WEM468,WEM468,Tables 10 (HDB/GIS030),31/1/2019,CS_C,HDB,HDB_C,FC_C,C,2019-12-02 00:00:00,MUX10900,HDB/GIS030,P1/GIS120,24.3,,Table 10,38.0,2019-01-31 00:00:00,31.0,1.0,2019.0,Hawker Centre,3500,Less than 10,1,,1,4.0,4.0,Hawker Centre
WEM469,WEM469,Tables 1 (HDB/GIS031),2019-12-02 00:00:00,CS_D,HDB,HDB_D,FC_D,D,2019-12-02 00:00:00,MUX10900,HDB/GIS031,P1/GIS121,15.0,,Table 1,33.0,2019-02-12 00:00:00,12.0,2.0,2019.0,Hawker Centre,6400,10,1,,1,1.0,4.0,Hawker Centre
WEM470,WEM470,Tables 2 (HDB/GIS032),2019-12-02 00:00:00,CS_D,HDB,HDB_D,FC_D,D,2019-12-02 00:00:00,MUX10900,HDB/GIS032,P1/GIS122,17.4,,Table 2,33.0,2019-02-12 00:00:00,12.0,2.0,2019.0,Hawker Centre,2300,Less than 10,1,,1,1.0,4.0,Hawker Centre
WEM471,WEM471,Tables 3 (HDB/GIS033),2019-12-02 00:00:00,CS_D,HDB,HDB_D,FC_D,D,2019-12-02 00:00:00,MUX10900,HDB/GIS033,P1/GIS123,19.4,,Table 3,33.0,2019-02-12 00:00:00,12.0,2.0,2019.0,Hawker Centre,7200,60,1,,1,1.0,4.0,Hawker Centre
WEM472,WEM472,Tables 4 (HDB/GIS034),2019-12-02 00:00:00,CS_D,HDB,HDB_D,FC_D,D,2019-12-02 00:00:00,MUX10900,HDB/GIS034,P1/GIS124,21.7,,Table 4,33.0,2019-02-12 00:00:00,12.0,2.0,2019.0,Hawker Centre,400,Less than 10,1,,1,1.0,4.0,Hawker Centre
WEM473,WEM473,Tables 5 (HDB/GIS035),2019-12-02 00:00:00,CS_D,HDB,HDB_D,FC_D,D,2019-12-02 00:00:00,MUX10900,HDB/GIS035,P1/GIS125,5.6,,Table 5,33.0,2019-02-12 00:00:00,12.0,2.0,2019.0,Hawker Centre,200,Less than 10,1,,1,1.0,4.0,Hawker Centre
WEM474,WEM474,Tables 6 (HDB/GIS036),2019-12-02 00:00:00,CS_D,HDB,HDB_D,FC_D,D,2019-12-02 00:00:00,MUX10900,HDB/GIS036,P1/GIS126,15.6,,Table 6,33.0,2019-02-12 00:00:00,12.0,2.0,2019.0,Hawker Centre,3700,120,1,,1,1.0,4.0,Hawker Centre
WEM475,WEM475,Tables 7 (HDB/GIS037),2019-12-02 00:00:00,CS_D,HDB,HDB_D,FC_D,D,2019-12-02 00:00:00,MUX10900,HDB/GIS037,P1/GIS127,24.0,,Table 7,33.0,2019-02-12 00:00:00,12.0,2.0,2019.0,Hawker Centre,700,30,1,,1,1.0,4.0,Hawker Centre
WEM476,WEM476,Tables 8 (HDB/GIS038),2019-12-02 00:00:00,CS_D,HDB,HDB_D,FC_D,D,2019-12-02 00:00:00,MUX10900,HDB/GIS038,P1/GIS128,4.7,,Table 8,33.0,2019-02-12 00:00:00,12.0,2.0,2019.0,Hawker Centre,11000,40,1,,1,1.0,4.0,Hawker Centre
WEM477,WEM477,Tables 9 (HDB/GIS039),2019-12-02 00:00:00,CS_D,HDB,HDB_D,FC_D,D,2019-12-02 00:00:00,MUX10900,HDB/GIS039,P1/GIS129,21.6,,Table 9,33.0,2019-02-12 00:00:00,12.0,2.0,2019.0,Hawker Centre,1400,260,1,,1,1.0,4.0,Hawker Centre
WEM478,WEM478,Tables 10 (HDB/GIS040),2019-12-02 00:00:00,CS_D,HDB,HDB_D,FC_D,D,2019-12-02 00:00:00,MUX10900,HDB/GIS040,P1/GIS130,14.9,,Table 10,33.0,2019-02-12 00:00:00,12.0,2.0,2019.0,Hawker Centre,1900,10,1,,1,1.0,4.0,Hawker Centre
WEM479,WEM479,Tables 1 (HDB/GIS041),2019-02-26 00:00:00,CS_E,HDB,HDB_E,FC_E,E,28/2/2019,MUX10900,HDB/GIS041,P1/GIS131,22.6,,Table 1,5.0,2019-02-26 00:00:00,26.0,2.0,2019.0,Hawker Centre,100,Less than 10,1,,1,1.0,1.0,Hawker Centre
WEM480,WEM480,Tables 2 (HDB/GIS042),2019-02-26 00:00:00,CS_E,HDB,HDB_E,FC_E,E,28/2/2019,MUX10900,HDB/GIS042,P1/GIS132,20.6,,Table 2,5.0,2019-02-26 00:00:00,26.0,2.0,2019.0,Hawker Centre,800,150,1,,1,1.0,1.0,Hawker Centre
WEM481,WEM481,Tables 3 (HDB/GIS043),2019-02-26 00:00:00,CS_E,HDB,HDB_E,FC_E,E,28/2/2019,MUX10900,HDB/GIS043,P1/GIS133,20.1,,Table 3,5.0,2019-02-26 00:00:00,26.0,2.0,2019.0,Hawker Centre,470000,More than 1 500,1,,1,1.0,1.0,Hawker Centre
WEM482,WEM482,Tables 4 (HDB/GIS044),2019-02-26 00:00:00,CS_E,HDB,HDB_E,FC_E,E,28/2/2019,MUX10900,HDB/GIS044,P1/GIS134,20.6,,Table 4,5.0,2019-02-26 00:00:00,26.0,2.0,2019.0,Hawker Centre,430000,More than 1 500,1,,1,1.0,1.0,Hawker Centre
WEM483,WEM483,Tables 5 (HDB/GIS045),2019-02-26 00:00:00,CS_E,HDB,HDB_E,FC_E,E,28/2/2019,MUX10900,HDB/GIS045,P1/GIS135,19.8,,Table 5,5.0,2019-02-26 00:00:00,26.0,2.0,2019.0,Hawker Centre,1500,80,1,,1,1.0,1.0,Hawker Centre
WEM484,WEM484,Tables 6 (HDB/GIS046),2019-02-26 00:00:00,CS_E,HDB,HDB_E,FC_E,E,28/2/2019,MUX10900,HDB/GIS046,P1/GIS136,18.4,,Table 6,5.0,2019-02-26 00:00:00,26.0,2.0,2019.0,Hawker Centre,2200,20,1,,1,1.0,1.0,Hawker Centre
WEM485,WEM485,Tables 7 (HDB/GIS047),2019-02-26 00:00:00,CS_E,HDB,HDB_E,FC_E,E,28/2/2019,MUX10900,HDB/GIS047,P1/GIS137,15.8,,Table 7,5.0,2019-02-26 00:00:00,26.0,2.0,2019.0,Hawker Centre,24000,340,1,,1,1.0,1.0,Hawker Centre
WEM486,WEM486,Tables 8 (HDB/GIS048),2019-02-26 00:00:00,CS_E,HDB,HDB_E,FC_E,E,28/2/2019,MUX10900,HDB/GIS048,P1/GIS138,13.6,,Table 8,5.0,2019-02-26 00:00:00,26.0,2.0,2019.0,Hawker Centre,24000,560,1,,1,1.0,1.0,Hawker Centre
WEM487,WEM487,Tables 9 (HDB/GIS049),2019-02-26 00:00:00,CS_E,HDB,HDB_E,FC_E,E,28/2/2019,MUX10900,HDB/GIS049,P1/GIS139,21.4,,Table 9,5.0,2019-02-26 00:00:00,26.0,2.0,2019.0,Hawker Centre,21000,270,1,,1,1.0,1.0,Hawker Centre
WEM488,WEM488,Tables 10 (HDB/GIS050),2019-02-26 00:00:00,CS_E,HDB,HDB_E,FC_E,E,28/2/2019,MUX10900,HDB/GIS050,P1/GIS140,15.0,,Table 10,5.0,2019-02-26 00:00:00,26.0,2.0,2019.0,Hawker Centre,2400,20,1,,1,1.0,1.0,Hawker Centre
WEM489,WEM489,Tables 1 (HDB/GIS051),2019-02-28 00:00:00,CS_F,HDB,HDB_F,FC_F,F,28/2/2019,MUX10900,HDB/GIS051,P1/GIS141,12.0,,Table 1,53.0,2019-02-28 00:00:00,28.0,2.0,2019.0,Hawker Centre,580000,140,1,,1,5.0,5.0,Hawker Centre
WEM490,WEM490,Tables 2 (HDB/GIS052),2019-02-28 00:00:00,CS_F,HDB,HDB_F,FC_F,F,28/2/2019,MUX10900,HDB/GIS052,P1/GIS142,20.1,,Table 2,53.0,2019-02-28 00:00:00,28.0,2.0,2019.0,Hawker Centre,540000,150,1,,1,5.0,5.0,Hawker Centre
WEM491,WEM491,Tables 3 (HDB/GIS053),2019-02-28 00:00:00,CS_F,HDB,HDB_F,FC_F,F,28/2/2019,MUX10900,HDB/GIS053,P1/GIS143,18.8,,Table 3,53.0,2019-02-28 00:00:00,28.0,2.0,2019.0,Hawker Centre,74000,260,1,,1,5.0,5.0,Hawker Centre
WEM492,WEM492,Tables 4 (HDB/GIS054),2019-02-28 00:00:00,CS_F,HDB,HDB_F,FC_F,F,28/2/2019,MUX10900,HDB/GIS054,P1/GIS144,39.0,,Table 4,53.0,2019-02-28 00:00:00,28.0,2.0,2019.0,Hawker Centre,410000,360,1,,1,5.0,5.0,Hawker Centre
WEM493,WEM493,Tables 5 (HDB/GIS055),2019-02-28 00:00:00,CS_F,HDB,HDB_F,FC_F,F,28/2/2019,MUX10900,HDB/GIS055,P1/GIS145,11.7,,Table 5,53.0,2019-02-28 00:00:00,28.0,2.0,2019.0,Hawker Centre,15000,270,1,,1,5.0,5.0,Hawker Centre
WEM494,WEM494,Tables 6 (HDB/GIS056),2019-02-28 00:00:00,CS_F,HDB,HDB_F,FC_F,F,28/2/2019,MUX10900,HDB/GIS056,P1/GIS146,16.3,,Table 6,53.0,2019-02-28 00:00:00,28.0,2.0,2019.0,Hawker Centre,50000,400,1,,1,5.0,5.0,Hawker Centre
WEM495,WEM495,Tables 7 (HDB/GIS057),2019-02-28 00:00:00,CS_F,HDB,HDB_F,FC_F,F,28/2/2019,MUX10900,HDB/GIS057,P1/GIS147,22.7,,Table 7,53.0,2019-02-28 00:00:00,28.0,2.0,2019.0,Hawker Centre,22000,250,1,,1,5.0,5.0,Hawker Centre
WEM496,WEM496,Tables 8 (HDB/GIS058),2019-02-28 00:00:00,CS_F,HDB,HDB_F,FC_F,F,28/2/2019,MUX10900,HDB/GIS058,P1/GIS148,7.6,,Table 8,53.0,2019-02-28 00:00:00,28.0,2.0,2019.0,Hawker Centre,11000,60,1,,1,5.0,5.0,Hawker Centre
WEM497,WEM497,Tables 9 (HDB/GIS059),2019-02-28 00:00:00,CS_F,HDB,HDB_F,FC_F,F,28/2/2019,MUX10900,HDB/GIS059,P1/GIS149,21.6,,Table 9,53.0,2019-02-28 00:00:00,28.0,2.0,2019.0,Hawker Centre,32000,680,1,,1,5.0,5.0,Hawker Centre
WEM498,WEM498,Tables 10 (HDB/GIS060),2019-02-28 00:00:00,CS_F,HDB,HDB_F,FC_F,F,28/2/2019,MUX10900,HDB/GIS060,P1/GIS150,14.9,,Table 10,53.0,2019-02-28 00:00:00,28.0,2.0,2019.0,Hawker Centre,1700,100,1,,1,5.0,5.0,Hawker Centre
WEM499,WEM499,Tables 1 (HDB/GIS061),2019-03-05 00:00:00,CS_G,HDB,HDB_G,FC_G,G,,MUX10900,HDB/GIS061,P1/GIS151,22.6,,Table 1,12.0,2019-03-05 00:00:00,5.0,3.0,2019.0,Hawker Centre,300,Less than 10,1,,1,3.0,3.0,Hawker Centre
WEM500,WEM500,Tables 2 (HDB/GIS062),2019-03-05 00:00:00,CS_G,HDB,HDB_G,FC_G,G,,MUX10900,HDB/GIS062,P1/GIS152,20.6,,Table 2,12.0,2019-03-05 00:00:00,5.0,3.0,2019.0,Hawker Centre,700,40,1,,1,3.0,3.0,Hawker Centre
WEM501,WEM501,Tables 3 (HDB/GIS063),2019-03-05 00:00:00,CS_G,HDB,HDB_G,FC_G,G,,MUX10900,HDB/GIS063,P1/GIS153,20.1,,Table 3,12.0,2019-03-05 00:00:00,5.0,3.0,2019.0,Hawker Centre,3700,60,1,,1,3.0,3.0,Hawker Centre
WEM502,WEM502,Tables 4 (HDB/GIS064),2019-03-05 00:00:00,CS_G,HDB,HDB_G,FC_G,G,,MUX10900,HDB/GIS064,P1/GIS154,20.6,,Table 4,12.0,2019-03-05 00:00:00,5.0,3.0,2019.0,Hawker Centre,2700,20,1,,1,3.0,3.0,Hawker Centre
WEM503,WEM503,Tables 5 (HDB/GIS065),2019-03-05 00:00:00,CS_G,HDB,HDB_G,FC_G,G,,MUX10900,HDB/GIS065,P1/GIS155,10.3,,Table 5,12.0,2019-03-05 00:00:00,5.0,3.0,2019.0,Hawker Centre,43000,280,1,,1,3.0,3.0,Hawker Centre
WEM504,WEM504,Tables 6 (HDB/GIS066),2019-03-05 00:00:00,CS_G,HDB,HDB_G,FC_G,G,,MUX10900,HDB/GIS066,P1/GIS156,14.6,,Table 6,12.0,2019-03-05 00:00:00,5.0,3.0,2019.0,Hawker Centre,700,20,1,,1,3.0,3.0,Hawker Centre
WEM505,WEM505,Tables 7 (HDB/GIS067),2019-03-05 00:00:00,CS_G,HDB,HDB_G,FC_G,G,,MUX10900,HDB/GIS067,P1/GIS157,19.4,,Table 7,12.0,2019-03-05 00:00:00,5.0,3.0,2019.0,Hawker Centre,92000,More than 1 500,1,,1,3.0,3.0,Hawker Centre
WEM506,WEM506,Tables 8 (HDB/GIS068),2019-03-05 00:00:00,CS_G,HDB,HDB_G,FC_G,G,,MUX10900,HDB/GIS068,P1/GIS158,8.1,,Table 8,12.0,2019-03-05 00:00:00,5.0,3.0,2019.0,Hawker Centre,5400,20,1,,1,3.0,3.0,Hawker Centre
WEM507,WEM507,Tables 9 (HDB/GIS069),2019-03-05 00:00:00,CS_G,HDB,HDB_G,FC_G,G,,MUX10900,HDB/GIS069,P1/GIS159,10.8,,Table 9,12.0,2019-03-05 00:00:00,5.0,3.0,2019.0,Hawker Centre,3200,10,1,,1,3.0,3.0,Hawker Centre
WEM508,WEM508,Tables 10 (HDB/GIS070),2019-03-05 00:00:00,CS_G,HDB,HDB_G,FC_G,G,,MUX10900,HDB/GIS070,P1/GIS160,17.7,,Table 10,12.0,2019-03-05 00:00:00,5.0,3.0,2019.0,Hawker Centre,140000,More than 1 500,1,,1,3.0,3.0,Hawker Centre
